{"cameraMode":{"drawMode":0,"name":"Shaded","section":"Shading Mode"},"sceneLighting":true,"audioPlay":false,"sceneViewState":{"m_AlwaysRefresh":false,"showFog":true,"showSkybox":true,"showFlares":true,"showImageEffects":true,"showParticleSystems":true,"showVisualEffectGraphs":true,"m_FxEnabled":true},"in2DMode":false,"pivot":{"x":29.7036075592041,"y":-3.6380996704101564,"z":-6.221080780029297},"rotation":{"x":0.3684910833835602,"y":0.008074566721916199,"z":-0.003201178042218089,"w":0.9295957088470459},"size":56.840232849121097,"orthographic":false}