{"cameraMode":{"drawMode":0,"name":"Shaded","section":"Shading Mode"},"sceneLighting":true,"audioPlay":false,"sceneViewState":{"m_AlwaysRefresh":false,"showFog":true,"showSkybox":true,"showFlares":true,"showImageEffects":true,"showParticleSystems":true,"showVisualEffectGraphs":true,"m_FxEnabled":true},"in2DMode":false,"pivot":{"x":12.447100639343262,"y":29.18476104736328,"z":59.286964416503909},"rotation":{"x":0.16217710077762605,"y":0.004440434277057648,"z":-0.0007297534612007439,"w":0.9867522716522217},"size":2.7373600006103517,"orthographic":false}