{"cameraMode":{"drawMode":0,"name":"Shaded","section":"Shading Mode"},"sceneLighting":true,"audioPlay":false,"sceneViewState":{"m_AlwaysRefresh":false,"showFog":true,"showSkybox":true,"showFlares":true,"showImageEffects":true,"showParticleSystems":true,"showVisualEffectGraphs":true,"m_FxEnabled":true},"in2DMode":false,"pivot":{"x":5.021860122680664,"y":2.090216636657715,"z":-0.34818196296691897},"rotation":{"x":0.20197607576847077,"y":0.014690252020955086,"z":-0.003029791871085763,"w":0.9792765378952026},"size":12.890073776245118,"orthographic":false}