{"cameraMode":{"drawMode":0,"name":"Shaded","section":"Shading Mode"},"sceneLighting":true,"audioPlay":false,"sceneViewState":{"m_AlwaysRefresh":false,"showFog":true,"showSkybox":true,"showFlares":true,"showImageEffects":true,"showParticleSystems":true,"showVisualEffectGraphs":true,"m_FxEnabled":true},"in2DMode":false,"pivot":{"x":44.766265869140628,"y":-47.570404052734378,"z":90.24478149414063},"rotation":{"x":0.3020460307598114,"y":0.018587715923786165,"z":-0.0058905757032334808,"w":0.9530948400497437},"size":121.08389282226563,"orthographic":false}