{"cameraMode":{"drawMode":0,"name":"Shaded","section":"Shading Mode"},"sceneLighting":true,"audioPlay":false,"sceneViewState":{"m_AlwaysRefresh":false,"showFog":true,"showSkybox":true,"showFlares":true,"showImageEffects":true,"showParticleSystems":true,"showVisualEffectGraphs":true,"m_FxEnabled":true},"in2DMode":false,"pivot":{"x":3.8443727493286135,"y":1.4363336563110352,"z":23.44988250732422},"rotation":{"x":0.11017420887947083,"y":-0.0018029051134362817,"z":0.00020103259885217994,"w":0.9939145445823669},"size":27.11150360107422,"orthographic":false}